MD01-01003;SUTRA CLASSIC 50X24X3S;SUTRA;1200;4646
MD01-01012;SUTRA CLASSIC 24X12X12S;SUTRA;288;16407
MD01-02003;SUTRA OK 50X24X3S;SUTRA;1200;6758
MD01-02012;SUTRA OK 24X12X12S;SUTRA;288;23945
MD01-07003;SUTRA GERIGI 50X24X3S;SUTRA;1200;6758
MD01-08003;SUTRA PLUS 40X24X3S;SUTRA;960;6758
MD02-02003;FIESTA STRAWBERRY 40X24X3S;FIESTA;960;9649
MD02-02012;FIESTA STRAWBERRY 20X12X12S;FIESTA;240;32747
MD02-07003;FIESTA ULTRA SAFE 40X24X3S;FIESTA;960;9894
MD02-14003;FIESTA MAX DOTTED 40X24X3S;FIESTA;960;9894
MD06-01050;PREGNANCY TEST KIT (PTK) 50X50S;HEALTH SUPLEMENT;2500;3366
MD08-07001;SUTRA LUBRICANT 12X12X50ML;SUTRA;144;11220
PC15-01001;ANDALAN FRESH WASH 12X6X60ML;ANDALAN;72;13260
PC15-04010;ANDALAN INTIMATE CLEANSING WIPES 6X12PCS;ANDALAN;72;6120
TM14-01002;SUTRA PERKASA 20X12X2S;HEALTH SUPLEMENT;240;10404
S2S01;MATTE LIP CREAM 72 X 01 RUBY BERRY;MAKE UP;72;22727
S2S02;MATTE LIP CREAM 72 X 02 PINK ORCHID;MAKE UP;72;22727
S2S03;MATTE LIP CREAM 72 X 03 CORAL DAISY;MAKE UP;72;22727
S2S04;MATTE LIP CREAM 72 X 04 SUGAR HONEY;MAKE UP;72;22727
S2S05;VOLUMIZING MASCARA 72 X 01 JET BLACK;MAKE UP;72;22727
S2S06;DAILY BB CREAM 72 X 01 NATURAL ;MAKE UP;72;22727
S2S07;LONG WEAR CREAMY EYSHDW 72X02 CHO BLEND;MAKE UP;72;22727
S2S08;LONG WEAR CREAMY EYSHDW 72X05 CHRY SHMER;MAKE UP;72;22727
HP24454;HYPER NAPKIN LUNCHEON 12X400GR;HYPER;12;7727
HP34030;HYPER NAPKIN LUNCHEON 6X900GR;HYPER;6;15273
IDM20551;INDOMARET FACIAL SOFT PACK 30X220'S;INDOMARET;30;7651
IDM70792;INDOMARET FACIAL KILOAN 20 X 900 GR;INDOMARET;20;25794
IDM70822;INDOMARET FACIAL KILOAN 32X400GR;INDOMARET;32;11419
JL14335;JOLLY TOILET CORE EMBOSS 10 X (10 X 50GR;MT;10;23920
JL14953;JOLLY TOILET CORELESS DOT EMB 24X10X30GR;JOLLY;24;9409
JL54010;JOLLY TOILET CORE 10 ROLL NON EMB 6X200S;JOLLY;6;12727
JL74110;JL FCL KILOAN 560GR X 30;JOLLY;30;21675
JL84003;JOLLY FACIAL POP UP 100 X 90GR ;JOLLY;100;2600
JL84034;JOLLY FACIAL POP UP 10X10X90GR + DISP;JOLLY;10;23636
JLB14335;JL TLT CORE EMB 10 ROLL 50GR X 10;JOLLY;10;20800
JLM04001;JOLLY KLNER FCL CORE LUNAK EMB 24X10ROLL;JOLLY;24;8886
JLM24306;JL FCL SOFT PACK 12 X 250S MP ISI 4;JOLLY;12;21818
JLM34016;JOLLY KULINER NAPKIN 24X240S ;JOLLY;24;8886
JLM44066;JL FCL KILOAN PTG 2 1000GR X 20;JOLLY;20;34725
JLM70587;JL FCL SOFT PACK 250s X 40;JOLLY;40;9950
JLM74110;JL FCL KILOAN 630GR X 24;JOLLY;24;13182
MIX016;NC 900GR+PS TP 50S+PS WPS 50S+PS HKY 12S;PROMO;100;2779389
MIX017;2NC SP 250S+2NC 1 ROLL 238 GT+2PS TP 50S;PROMO;100;1190667
NC12537;NC FCL KILOAN 900GR X 20;NICE;20;32760
NC13526;NC FCL SOFT PACK 250s X 36;NICE;36;12250
NC14038B;NC TLT CORE NON EMB 1 ROLL 238S X 120 GT;NICE;120;2718
NC14052;NC TLT CORE EMB 10 ROLL 230s X 10;NICE;10;30382
NC14345;NC FCL SOFT PACK 200s X 40;NICE;40;10530
NC14345B;NC FCL SOFT PACK 20X(2X200S) BUY 1 GET 1;NICE;20;16650
NC15432;NC FCL BOX PERF 60s X 72;NICE;72;5698
NC15463;NC FCL BOX PERF 120s X 42;NICE;42;9880
NC24375;NICE FACIAL SOFT PACK 60 X 180'S - GT;NICE;60;5150
NC24399;NICE FACIAL SOFT PACK 36X250'S GT;NICE;36;9900
NC34023;NC TOWEL MULTIFOLD 24X160S BOGOF;NICE;24;15909
NC34114;NC FCL TRAVEL PACK 60s X 96;NICE;96;3004
NC35451;NC TLT CORE NON EMB 1 ROLL 238s X 120;NICE;120;3489
NC35454;NC TLT CORE NON EMB 10 ROLL 238s X 12;NICE;12;32182
NC44028;NC FCL POP UP 200s X 100;NICE;100;6524
NC50010;NC TWL ROLL 1 ROLL 150s X 30;NICE;30;13355
NC74028;NC FCL KILOAN 1000GR X 20;NICE;20;30841
NC74035;NC FCL KILOAN 900GR X 20 GT;NICE;20;29300
NC74127;NC FCL KILOAN 700GR X 20;NICE;20;26727
PS11001;PS MEDSHIELD MASKER EAR LOOP 3PLY 40X50S;PASEO;40;57273
PS11014B;PS KTCHN TWL CALORIE ASSORB 3 ROLS 6X70S;PASEO;6;24795
PS11018;PS MEDSHIELD MASKER EAR LOOP SCH 20X10S;PASEO;20;11455
PS11032;PS MEDSHIELD MASKER EAR LOOP 3PLY 20X50S;PASEO;20;57273
PS11037;PASEO TOILET NON EMBOS 20X330S 2PLY 6RLS;PASEO;20;25200
PS11045;PS ELG TLT CORE 8 ROLLS 300s X 6;PASEO;6;44300
PS11146;PS ELG FCL BOX 200s X 32;PASEO;32;18109
PS11208;PS ELG TWL WHT TIP TO TIP 1 ROLL 70SX18;PASEO;18;10518
PS11208B;PS ELG TWL CALORIE ABSORB 1 ROLL 18X70S;PASEO;18;10518
PS11498;PS ELG FCL BOX 120s X 40;PASEO;40;12300
PS11856;PS SMRT FCL BOX 120s X 40;PASEO;40;8655
PS21015;PS ELG FCL SOFT PACK 250s X 40;PASEO;40;15222
PS21039;PS ELG FCL SOFT PACK 220s X 40;PASEO;40;14490
PS21138;PS ELG FCL SOFT PACK 280s X 40;PASEO;40;16698
PS21176;PS CHAR FCL SOFT PACK 200s X 40;PASEO;40;14591
PS21213B;PS SMRT FCL SOFT PACK 48X250S GT;PASEO;48;8400
PS21251;PS SMRT FCL SOFT 250s MT X 40;PASEO;40;13600
PS21367;PASEO PURE FACIAL SOFT PACK 40 X 130'S;PASEO;40;14305
PS21398;PASEO ULTRASOFT FACIAL SOFTPACK 40X100S;PASEO;40;10905
PS31014;PS CHAR FCL TRAVEL PACK 50s X 48;PASEO;48;3491
PS31090;PS CHAR FCL TRAVEL PACK 70s X 48;PASEO;48;4182
PS31137;PS ULTRA SOFT FCL TRAVEL PACK 60s X 48;PASEO;48;6201
PS31152;PS CHAR FCL POP UP 130S X 80;PASEO;80;4636
PS31229;PASEO SMART FACIAL TRAVEL PACK 50'S GT;PASEO;80;1680
PS31236;PASEO PURE FACIAL TRAVEL PACK 48 X 50'S;PASEO;48;6287
PS31243;PASEO ULTRASOFT FCL TRAVEL PACK 72X40S;PASEO;72;4531
PS33019;PS ELG TWL INTERFOLD 150s X 40;PASEO;40;13773
PS41032;PS BABY WPES GZTE 36X30'S (24'S EXT 6'S);PASEO;36;6091
PS41056;PASEO BABY WIPES GAZETTE 36X50'S GT;PASEO;36;6364
PS41063;PASEO BABY WIPES GAZETTE 50'S X 18;PASEO;18;14000
PS41094;PASEO BABY WPES GZTE JOJOBA 18X50S BOGOF;PASEO;18;14000
PS41100B;PASEO ANTI BACTERIAL WIPES 18X25S BOGOF;PASEO;18;7000
PS41117;PASEO ANTI BACTRIAL WIPES GAZETTE 18X50S;PASEO;18;7000
PS41179;PASEO BABY WIPES PURITY GAZETTE 24X80'S;PASEO;24;12727
PS41556;PS SMRT HKY NON PERF 6 PACK 12s X 40;PASEO;40;4236
PS41563;PS SMRT HKY PERF 6 PACK 12s X 40;PASEO;40;4160
PS51055;PS BABY WPES PLW BAG 72X10'S (BUY1 GET1);PASEO;72;4250
PS61009;PS MEDISHIELD HAND SANITIZING WPS 60X10S;PASEO;60;8182
PS71008;PS MEDISHIELD WET WASH GLOVE 24X8S;PASEO;24;18182
TP24101;TP NAPKIN MG WHT LUNCH 50s X 60;TOPLY;60;3300
TP24133W;TP NAPKIN MG ASSRT LUNCH 100s PTG 2 X60;TOPLY;60;2750
TP24134W;TP NAPKIN MG WHT 100s PTG 2 X 60;TOPLY;60;3300
