ACO000036885;28/06/2022 09:14;837;SARI KOSMETIK;PS21213B;PS SMRT FCL SOFT PACK 48X250S GT;12;105.818
ACO000036965;29/06/2022 09:44;90;JOHAN / AGUS DPR;NC14038B;NC TLT CORE NON EMB 1 ROLL 238S X 120 GT;24;65.236
ACO000036965;29/06/2022 09:44;90;JOHAN / AGUS DPR;PS41094;PASEO BABY WPES GZTE JOJOBA 18X50S BOGOF;6;84.000
ACO000036965;29/06/2022 09:44;90;JOHAN / AGUS DPR;JL84003;JOLLY FACIAL POP UP 100 X 90GR ;24;49.730
ACO000036965;29/06/2022 09:44;90;JOHAN / AGUS DPR;NC24375;NICE FACIAL SOFT PACK 60 X 180'S - GT;120;618.000
ACO000036965;29/06/2022 09:44;90;JOHAN / AGUS DPR;NC74127;NC FCL KILOAN 700GR X 20;20;534.545
ACO000036965;29/06/2022 09:44;90;JOHAN / AGUS DPR;PS41117;PASEO ANTI BACTRIAL WIPES GAZETTE 18X50S;12;84.000
ACO000036965;29/06/2022 09:44;90;JOHAN / AGUS DPR;NC74035;NC FCL KILOAN 900GR X 20 GT;20;612.613
ACO000036965;29/06/2022 09:44;90;JOHAN / AGUS DPR;PS41563;PS SMRT HKY PERF 6 PACK 12s X 40;40;166.400
ACO000036965;29/06/2022 09:44;90;JOHAN / AGUS DPR;PS21213B;PS SMRT FCL SOFT PACK 48X250S GT;96;846.546
ACO000036965;29/06/2022 09:44;90;JOHAN / AGUS DPR;PS41063;PASEO BABY WIPES GAZETTE 50'S X 18;6;84.000
ACO000036965;29/06/2022 09:44;90;JOHAN / AGUS DPR;NC24399B;NICE FACIAL SOFT PACK 36X250S GT RE-SPEC;108;824.728
ACO000036965;29/06/2022 09:44;90;JOHAN / AGUS DPR;JLM44066;JL FCL KILOAN PTG 2 1000GR X 20;20;694.500
ACO000036965;29/06/2022 09:44;90;JOHAN / AGUS DPR;NC15432;NC FCL BOX PERF 60s X 72;72;410.237
ACO000036965;29/06/2022 09:44;90;JOHAN / AGUS DPR;PS41100B;PASEO ANTI BACTERIAL WIPES 18X25S BOGOF;6;42.000
ACO000036970;29/06/2022 10:32;182;EDO / M RIDHO;NC24399B;NICE FACIAL SOFT PACK 36X250S GT RE-SPEC;108;824.728
ACO000036970;29/06/2022 10:32;182;EDO / M RIDHO;NC24375;NICE FACIAL SOFT PACK 60 X 180'S - GT;180;927.000
ACO000037027;30/06/2022 10:00;429;OKI / ROSKI;NC14038B;NC TLT CORE NON EMB 1 ROLL 238S X 120 GT;6;16.309
ACO000037027;30/06/2022 10:00;429;OKI / ROSKI;NC24399B;NICE FACIAL SOFT PACK 36X250S GT RE-SPEC;24;183.273
ACO000037030;30/06/2022 10:27;726;ALIONG / CIN LIONG;NC24399B;NICE FACIAL SOFT PACK 36X250S GT RE-SPEC;20;152.727
ACO000037030;30/06/2022 10:27;726;ALIONG / CIN LIONG;PS31229;PASEO SMART FACIAL TRAVEL PACK 50'S GT;20;33.600
ACO000037044;30/06/2022 14:47;91;AMIR / ANISA AMELIA;PS31229;PASEO SMART FACIAL TRAVEL PACK 50'S GT;240;403.200
ACO000037044;30/06/2022 14:47;91;AMIR / ANISA AMELIA;JLM34016;JOLLY KULINER NAPKIN 24X240S ;120;1.066.363
ACO000037051;30/06/2022 16:39;1528;ANUGRAH MART 4;NC24399B;NICE FACIAL SOFT PACK 36X250S GT RE-SPEC;36;274.909
ACO000037051;30/06/2022 16:39;1528;ANUGRAH MART 4;PS31229;PASEO SMART FACIAL TRAVEL PACK 50'S GT;20;33.600
ACO000037052;30/06/2022 16:39;148;ATLANTA (LION STAR);PS21213B;PS SMRT FCL SOFT PACK 48X250S GT;240;2.011.394
ACO000037052;30/06/2022 16:39;148;ATLANTA (LION STAR);PS41117;PASEO ANTI BACTRIAL WIPES GAZETTE 18X50S;36;249.480
ACO000037053;30/06/2022 17:10;327;SULIS;NC74035;NC FCL KILOAN 900GR X 20 GT;6;183.784
ACO000037053;30/06/2022 17:10;327;SULIS;PS21213B;PS SMRT FCL SOFT PACK 48X250S GT;96;846.546
ACO000037054;30/06/2022 17:10;1253;SRC KK;HP24454;HYPER NAPKIN LUNCHEON 12X400GR;12;92.727
ACO000037055;30/06/2022 17:11;1145;SRC CLARA;NC24399B;NICE FACIAL SOFT PACK 36X250S GT RE-SPEC;24;183.273
ACO000037057;30/06/2022 17:32;584;APIN/ TUTU ERLINA;NC74035;NC FCL KILOAN 900GR X 20 GT;3;91.892
ACO000037057;30/06/2022 17:32;584;APIN/ TUTU ERLINA;NC14038B;NC TLT CORE NON EMB 1 ROLL 238S X 120 GT;12;32.618
ACO000037057;30/06/2022 17:32;584;APIN/ TUTU ERLINA;PS41563;PS SMRT HKY PERF 6 PACK 12s X 40;6;24.960
ACO000037068;30/06/2022 18:36;29;FAJAR;NC74035;NC FCL KILOAN 900GR X 20 GT;1;30.631
ACO000037072;01/07/2022 09:55;485;AA / RENNY FECILIA;JL84003;JOLLY FACIAL POP UP 100 X 90GR ;6;12.432
ACO000037072;01/07/2022 09:55;485;AA / RENNY FECILIA;NC24375;NICE FACIAL SOFT PACK 60 X 180'S - GT;6;30.900
ACO000037072;01/07/2022 09:55;485;AA / RENNY FECILIA;NC15432;NC FCL BOX PERF 60s X 72;6;34.186
ACO000037072;01/07/2022 09:55;485;AA / RENNY FECILIA;PS11856;PS SMRT FCL BOX 120s X 40;6;51.927
ACO000037072;01/07/2022 09:55;485;AA / RENNY FECILIA;PS41563;PS SMRT HKY PERF 6 PACK 12s X 40;2;8.320
ACO000037073;01/07/2022 09:56;140;KOPERASI BAKTI MANDIRI;NC24399B;NICE FACIAL SOFT PACK 36X250S GT RE-SPEC;12;91.636
ACO000037073;01/07/2022 09:56;140;KOPERASI BAKTI MANDIRI;PS31229;PASEO SMART FACIAL TRAVEL PACK 50'S GT;24;40.320
ACO000037073;01/07/2022 09:56;140;KOPERASI BAKTI MANDIRI;NC14038B;NC TLT CORE NON EMB 1 ROLL 238S X 120 GT;12;32.618
ACO000037074;01/07/2022 09:56;1387;KOPERASI BAKTI MANDIRI 2;NC24399B;NICE FACIAL SOFT PACK 36X250S GT RE-SPEC;12;91.636
ACO000037074;01/07/2022 09:56;1387;KOPERASI BAKTI MANDIRI 2;PS21213B;PS SMRT FCL SOFT PACK 48X250S GT;12;105.818
ACO000037075;01/07/2022 09:56;610;DESY;PS21367;PASEO PURE FACIAL SOFT PACK 40 X 130'S;6;85.833
ACO000037075;01/07/2022 09:56;610;DESY;PS41063;PASEO BABY WIPES GAZETTE 50'S X 18;3;42.000
ACO000037075;01/07/2022 09:56;610;DESY;PS41094;PASEO BABY WPES GZTE JOJOBA 18X50S BOGOF;3;42.000
ACO000037076;01/07/2022 09:56;1663;APOTEK K-24;PS41117;PASEO ANTI BACTRIAL WIPES GAZETTE 18X50S;6;42.000
ACO000037076;01/07/2022 09:56;1663;APOTEK K-24;PS31229;PASEO SMART FACIAL TRAVEL PACK 50'S GT;10;16.800
ACO000037076;01/07/2022 09:56;1663;APOTEK K-24;NC24399B;NICE FACIAL SOFT PACK 36X250S GT RE-SPEC;10;76.364
ACO000037076;01/07/2022 09:56;1663;APOTEK K-24;PS41063;PASEO BABY WIPES GAZETTE 50'S X 18;6;84.000
ACO000037076;01/07/2022 09:56;1663;APOTEK K-24;PS41094;PASEO BABY WPES GZTE JOJOBA 18X50S BOGOF;6;84.000
ACO000037076;01/07/2022 09:56;1663;APOTEK K-24;NC24375;NICE FACIAL SOFT PACK 60 X 180'S - GT;6;30.900
ACO000037137;04/07/2022 09:34;1144;AFAT;NC15432;NC FCL BOX PERF 60s X 72;20;113.954,60
ACO000037138;04/07/2022 09:34;746;ASUI / MEIYADI;NC24375;NICE FACIAL SOFT PACK 60 X 180'S - GT;12;61.800,00
ACO000037138;04/07/2022 09:34;746;ASUI / MEIYADI;PS21213B;PS SMRT FCL SOFT PACK 48X250S GT;12;105.818,28
ACO000037139;04/07/2022 09:34;585;AHONG / LAIJ A MUI;NC24375;NICE FACIAL SOFT PACK 60 X 180'S - GT;12;61.800,00
ACO000037139;04/07/2022 09:34;585;AHONG / LAIJ A MUI;NC24399B;NICE FACIAL SOFT PACK 36X250S GT RE-SPEC;24;183.272,88
ACO000037140;04/07/2022 09:35;1450;ASIONG;NC24399B;NICE FACIAL SOFT PACK 36X250S GT RE-SPEC;36;274.909,32
ACO000037141;04/07/2022 09:35;816;MM 21/ SUGIARTO;PS21213B;PS SMRT FCL SOFT PACK 48X250S GT;6;52.909,14
ACO000037141;04/07/2022 09:35;816;MM 21/ SUGIARTO;PS31229;PASEO SMART FACIAL TRAVEL PACK 50'S GT;12;20.160,00
ACO000037142;04/07/2022 09:35;1405;ANUGRAH MART 3;NC14038B;NC TLT CORE NON EMB 1 ROLL 238S X 120 GT;12;32.618,16
ACO000037142;04/07/2022 09:35;1405;ANUGRAH MART 3;NC24375;NICE FACIAL SOFT PACK 60 X 180'S - GT;24;123.600,00
ACO000037142;04/07/2022 09:35;1405;ANUGRAH MART 3;PS11253B;PS COOKING TOWEL CALORIE ASSORB 20X70S;3;54.545,46
ACO000037142;04/07/2022 09:35;1405;ANUGRAH MART 3;PS41117;PASEO ANTI BACTRIAL WIPES GAZETTE 18X50S;3;21.000,00
ACO000037143;04/07/2022 09:35;252;AKIUN / JHIN KHIUK SU;NC24399B;NICE FACIAL SOFT PACK 36X250S GT RE-SPEC;36;274.909,32
ACO000037143;04/07/2022 09:35;252;AKIUN / JHIN KHIUK SU;NC74035;NC FCL KILOAN 900GR X 20 GT;3;91.891,89
ACO000037144;04/07/2022 09:35;970;YULIAN;NC15432;NC FCL BOX PERF 60s X 72;6;34.186,38
ACO000037144;04/07/2022 09:35;970;YULIAN;PS31229;PASEO SMART FACIAL TRAVEL PACK 50'S GT;12;20.160,00
ACO000037144;04/07/2022 09:35;970;YULIAN;PS41063;PASEO BABY WIPES GAZETTE 50'S X 18;6;84.000,00
ACO000037145;04/07/2022 09:35;617;ERNA WATI;NC15432;NC FCL BOX PERF 60s X 72;6;34.186,38
ACO000037145;04/07/2022 09:35;617;ERNA WATI;NC24399B;NICE FACIAL SOFT PACK 36X250S GT RE-SPEC;10;76.363,70
ACO000037146;04/07/2022 09:35;293;ASUI;NC74035;NC FCL KILOAN 900GR X 20 GT;6;183.783,78
ACO000037147;04/07/2022 09:36;927;VERA;NC24399B;NICE FACIAL SOFT PACK 36X250S GT RE-SPEC;10;76.363,70
ACO000037148;04/07/2022 09:36;260;KU KIM KHO;NC24399B;NICE FACIAL SOFT PACK 36X250S GT RE-SPEC;12;91.636,44
ACO000037148;04/07/2022 09:36;260;KU KIM KHO;NC74035;NC FCL KILOAN 900GR X 20 GT;6;183.783,78
ACO000037149;04/07/2022 09:36;395;SEDERHANA (DEDI);NC24375;NICE FACIAL SOFT PACK 60 X 180'S - GT;12;61.800,00
ACO000037149;04/07/2022 09:36;395;SEDERHANA (DEDI);NC24399B;NICE FACIAL SOFT PACK 36X250S GT RE-SPEC;24;183.272,88
ACO000037149;04/07/2022 09:36;395;SEDERHANA (DEDI);PS21213B;PS SMRT FCL SOFT PACK 48X250S GT;24;211.636,56
ACO000037149;04/07/2022 09:36;395;SEDERHANA (DEDI);PS31229;PASEO SMART FACIAL TRAVEL PACK 50'S GT;24;40.320,00
ACO000037150;04/07/2022 09:37;1363;AZKA MART;NC24375;NICE FACIAL SOFT PACK 60 X 180'S - GT;6;30.900,00
ACO000037150;04/07/2022 09:37;1363;AZKA MART;PS21213B;PS SMRT FCL SOFT PACK 48X250S GT;6;52.909,14
ACO000037151;04/07/2022 09:37;614;SABAR / SUBUR;NC14038B;NC TLT CORE NON EMB 1 ROLL 238S X 120 GT;2;5.436,36
ACO000037151;04/07/2022 09:37;614;SABAR / SUBUR;NC24375;NICE FACIAL SOFT PACK 60 X 180'S - GT;7;36.050,00
ACO000037151;04/07/2022 09:37;614;SABAR / SUBUR;NC24399B;NICE FACIAL SOFT PACK 36X250S GT RE-SPEC;10;76.363,70
ACO000037151;04/07/2022 09:37;614;SABAR / SUBUR;NC74035;NC FCL KILOAN 900GR X 20 GT;1;30.630,63
ACO000037151;04/07/2022 09:37;614;SABAR / SUBUR;PS21213B;PS SMRT FCL SOFT PACK 48X250S GT;6;52.909,14
ACO000037151;04/07/2022 09:37;614;SABAR / SUBUR;PS31229;PASEO SMART FACIAL TRAVEL PACK 50'S GT;6;10.080,00
ACO000037151;04/07/2022 09:37;614;SABAR / SUBUR;PS41100B;PASEO ANTI BACTERIAL WIPES 18X25S BOGOF;2;14.000,00
ACO000037152;04/07/2022 09:37;198;ATET;NC24375;NICE FACIAL SOFT PACK 60 X 180'S - GT;60;309.000,00
ACO000037152;04/07/2022 09:37;198;ATET;NC24399B;NICE FACIAL SOFT PACK 36X250S GT RE-SPEC;108;824.727,96
ACO000037153;04/07/2022 09:37;626;ASMAWATI;NC24375;NICE FACIAL SOFT PACK 60 X 180'S - GT;6;30.900,00
ACO000037153;04/07/2022 09:37;626;ASMAWATI;PS21213B;PS SMRT FCL SOFT PACK 48X250S GT;6;52.909,14
ACO000037153;04/07/2022 09:37;626;ASMAWATI;PS31229;PASEO SMART FACIAL TRAVEL PACK 50'S GT;12;20.160,00
ACO000037154;04/07/2022 09:37;471;ARPAN;NC24375;NICE FACIAL SOFT PACK 60 X 180'S - GT;3;15.450,00
ACO000037154;04/07/2022 09:37;471;ARPAN;NC24399B;NICE FACIAL SOFT PACK 36X250S GT RE-SPEC;6;45.818,22
ACO000037154;04/07/2022 09:37;471;ARPAN;NC74035;NC FCL KILOAN 900GR X 20 GT;2;61.261,26
ACO000037154;04/07/2022 09:37;471;ARPAN;PS21213B;PS SMRT FCL SOFT PACK 48X250S GT;6;52.909,14
ACO000037154;04/07/2022 09:37;471;ARPAN;PS41063;PASEO BABY WIPES GAZETTE 50'S X 18;2;28.000,00
ACO000037154;04/07/2022 09:37;471;ARPAN;PS41563;PS SMRT HKY PERF 6 PACK 12s X 40;2;8.320,00
ACO000037155;04/07/2022 09:37;184;M.IQBAL / ARIPIN;JLM44066;JL FCL KILOAN PTG 2 1000GR X 20;20;694.500,00
ACO000037156;04/07/2022 09:37;391;LILI;PS11208B;PS ELG TWL CALORIE ABSORB 1 ROLL 18X70S;6;63.109,08
ACO000037157;04/07/2022 09:39;361;AMING;PS31229;PASEO SMART FACIAL TRAVEL PACK 50'S GT;80;134.400,00
ACO000037158;04/07/2022 09:39;380;AHUNG / HENDRA SURYANTO;NC24375;NICE FACIAL SOFT PACK 60 X 180'S - GT;60;309.000,00
ACO000037159;04/07/2022 09:39;306;AKONG;NC24399B;NICE FACIAL SOFT PACK 36X250S GT RE-SPEC;36;274.909,32
ACO000037160;04/07/2022 09:39;574;AKUN / ARIFIN;NC24399B;NICE FACIAL SOFT PACK 36X250S GT RE-SPEC;24;183.272,88
ACO000037161;04/07/2022 09:39;828;AMAT;NC14038B;NC TLT CORE NON EMB 1 ROLL 238S X 120 GT;24;65.236,32
ACO000037161;04/07/2022 09:39;828;AMAT;NC24399B;NICE FACIAL SOFT PACK 36X250S GT RE-SPEC;10;76.363,70
ACO000037162;04/07/2022 09:40;890;AMEW;NC24399B;NICE FACIAL SOFT PACK 36X250S GT RE-SPEC;36;274.909,32
ACO000037163;04/07/2022 09:40;1148;APHIN;NC24399B;NICE FACIAL SOFT PACK 36X250S GT RE-SPEC;36;274.909,32
ACO000037164;04/07/2022 09:40;1148;APHIN;10000982;DOWNY FLORAL PINK SACHET 60X11ML;180;784.440,00
ACO000037165;04/07/2022 09:40;1284;ARIS;NC15432;NC FCL BOX PERF 60s X 72;72;410.236,56
ACO000037165;04/07/2022 09:40;1284;ARIS;NC24399B;NICE FACIAL SOFT PACK 36X250S GT RE-SPEC;36;274.909,32
ACO000037165;04/07/2022 09:40;1284;ARIS;PS41563;PS SMRT HKY PERF 6 PACK 12s X 40;10;41.600,00
ACO000037166;04/07/2022 09:40;1088;ADE;NC24375;NICE FACIAL SOFT PACK 60 X 180'S - GT;6;30.900,00
ACO000037166;04/07/2022 09:40;1088;ADE;NC24399B;NICE FACIAL SOFT PACK 36X250S GT RE-SPEC;12;91.636,44
ACO000037166;04/07/2022 09:40;1088;ADE;PS21213B;PS SMRT FCL SOFT PACK 48X250S GT;6;52.909,14
ACO000037166;04/07/2022 09:40;1088;ADE;PS31229;PASEO SMART FACIAL TRAVEL PACK 50'S GT;6;10.080,00
ACO000037167;04/07/2022 09:40;768;LIBRA BABY JO / OKTAVIANA FOE;NC24375;NICE FACIAL SOFT PACK 60 X 180'S - GT;24;123.600,00
ACO000037167;04/07/2022 09:40;768;LIBRA BABY JO / OKTAVIANA FOE;NC24399B;NICE FACIAL SOFT PACK 36X250S GT RE-SPEC;12;91.636,44
ACO000037167;04/07/2022 09:40;768;LIBRA BABY JO / OKTAVIANA FOE;PS31090;PS CHAR FCL TRAVEL PACK 70s X 48;48;200.727,36
ACO000037167;04/07/2022 09:40;768;LIBRA BABY JO / OKTAVIANA FOE;PS31229;PASEO SMART FACIAL TRAVEL PACK 50'S GT;40;67.200,00
ACO000037168;04/07/2022 09:41;576;CHOU CHAN;NC24399B;NICE FACIAL SOFT PACK 36X250S GT RE-SPEC;36;274.909,32
ACO000037169;04/07/2022 09:41;319;JUN PHIN;NC74035;NC FCL KILOAN 900GR X 20 GT;20;612.612,60
ACO000037169;04/07/2022 09:41;319;JUN PHIN;PS31229;PASEO SMART FACIAL TRAVEL PACK 50'S GT;80;134.400,00
ACO000037170;04/07/2022 09:41;500;TOMMY;PS11208B;PS ELG TWL CALORIE ABSORB 1 ROLL 18X70S;18;189.327,24
ACO000037172;04/07/2022 09:48;661;NORI;NC74035;NC FCL KILOAN 900GR X 20 GT;6;183.783,78
ACO000037172;04/07/2022 09:48;661;NORI;PS41563;PS SMRT HKY PERF 6 PACK 12s X 40;3;12.480,00
ACO000037173;04/07/2022 09:48;129;MARZUKI / LIE KIT LIE;PS21213B;PS SMRT FCL SOFT PACK 48X250S GT;48;423.273,12
ACO000037174;04/07/2022 09:48;269;ALI;PS11856;PS SMRT FCL BOX 120s X 40;40;346.182,00
ACO000037175;04/07/2022 09:48;1827;SEDERHANA;NC24399B;NICE FACIAL SOFT PACK 36X250S GT RE-SPEC;72;549.818,64
ACO000037176;04/07/2022 09:48;963;JAYA KOSMETIK;PS11856;PS SMRT FCL BOX 120s X 40;12;103.854,60
ACO000037177;04/07/2022 09:48;659;AMEN;NC24375;NICE FACIAL SOFT PACK 60 X 180'S - GT;12;61.800,00
ACO000037178;04/07/2022 09:49;1488;ANDRE;PS21213B;PS SMRT FCL SOFT PACK 48X250S GT;12;105.818,28
ACO000037178;04/07/2022 09:49;1488;ANDRE;NC24375;NICE FACIAL SOFT PACK 60 X 180'S - GT;12;61.800,00
ACO000037179;04/07/2022 09:49;1354;CCB;PS31229;PASEO SMART FACIAL TRAVEL PACK 50'S GT;80;134.400,00
ACO000037180;04/07/2022 10:35;687;AKUAN;NC15432;NC FCL BOX PERF 60s X 72;24;136.745,52
ACO000037180;04/07/2022 10:35;687;AKUAN;NC24399B;NICE FACIAL SOFT PACK 36X250S GT RE-SPEC;72;549.818,64
ACO000037180;04/07/2022 10:35;687;AKUAN;PS21213B;PS SMRT FCL SOFT PACK 48X250S GT;24;211.636,56
ACO000037180;04/07/2022 10:35;687;AKUAN;PS31090;PS CHAR FCL TRAVEL PACK 70s X 48;24;100.363,68
ACO000037180;04/07/2022 10:35;687;AKUAN;PS31229;PASEO SMART FACIAL TRAVEL PACK 50'S GT;24;40.320,00
ACO000037181;04/07/2022 10:35;1841;HARAPAN / AFA;PS21213B;PS SMRT FCL SOFT PACK 48X250S GT;96;846.546,24
ACO000037181;04/07/2022 10:35;1841;HARAPAN / AFA;NC24399B;NICE FACIAL SOFT PACK 36X250S GT RE-SPEC;36;274.909,32
ACO000037181;04/07/2022 10:35;1841;HARAPAN / AFA;NC15432;NC FCL BOX PERF 60s X 72;72;410.236,56
ACO000037181;04/07/2022 10:35;1841;HARAPAN / AFA;PS11856;PS SMRT FCL BOX 120s X 40;40;346.182,00
ACO000037181;04/07/2022 10:35;1841;HARAPAN / AFA;PS31229;PASEO SMART FACIAL TRAVEL PACK 50'S GT;80;134.400,00
ACO000037181;04/07/2022 10:35;1841;HARAPAN / AFA;PS41563;PS SMRT HKY PERF 6 PACK 12s X 40;40;166.400,00
ACO000037182;04/07/2022 10:36;111;INDAH / CONG JAM CHONG;NC24399B;NICE FACIAL SOFT PACK 36X250S GT RE-SPEC;540;4.123.639,80
ACO000037182;04/07/2022 10:36;111;INDAH / CONG JAM CHONG;NC74035;NC FCL KILOAN 900GR X 20 GT;200;6.126.126,00
ACO000037183;04/07/2022 10:36;946;MUTIARA;NC24399B;NICE FACIAL SOFT PACK 36X250S GT RE-SPEC;360;2.749.093,20
ACO000037183;04/07/2022 10:36;946;MUTIARA;TP24134W;TP NAPKIN MG WHT 100s PTG 2 X 60;60;198.000,00
ACO000037184;04/07/2022 10:39;1806;MM TEMAN JAYA 3 / CV.TEMAN JAYA BERSAMA;NC14345B;NC FCL SOFT PACK 20X(2X200S) BUY 1 GET 1;60;999.000,00
ACO000037184;04/07/2022 10:39;1806;MM TEMAN JAYA 3 / CV.TEMAN JAYA BERSAMA;NC12537;NC FCL KILOAN 900GR X 20;60;1.965.600,00
ACO000037184;04/07/2022 10:39;1806;MM TEMAN JAYA 3 / CV.TEMAN JAYA BERSAMA;NC74127;NC FCL KILOAN 700GR X 20;40;1.069.090,80
ACO000037184;04/07/2022 10:39;1806;MM TEMAN JAYA 3 / CV.TEMAN JAYA BERSAMA;NC13526;NC FCL SOFT PACK 250s X 36;72;882.000,00
ACO000037184;04/07/2022 10:39;1806;MM TEMAN JAYA 3 / CV.TEMAN JAYA BERSAMA;JLM44066;JL FCL KILOAN PTG 2 1000GR X 20;40;1.389.000,00
ACO000037184;04/07/2022 10:39;1806;MM TEMAN JAYA 3 / CV.TEMAN JAYA BERSAMA;TP24134W;TP NAPKIN MG WHT 100s PTG 2 X 60;12;47.225,40
ACO000037184;04/07/2022 10:39;1806;MM TEMAN JAYA 3 / CV.TEMAN JAYA BERSAMA;PS11014B;PS KTCHN TWL CALORIE ASSORB 3 ROLS 6X70S;12;308.108,16
ACO000037184;04/07/2022 10:39;1806;MM TEMAN JAYA 3 / CV.TEMAN JAYA BERSAMA;PS11253B;PS COOKING TOWEL CALORIE ASSORB 20X70S;40;727.272,80
ACO000037184;04/07/2022 10:39;1806;MM TEMAN JAYA 3 / CV.TEMAN JAYA BERSAMA;PS11208B;PS ELG TWL CALORIE ABSORB 1 ROLL 18X70S;18;189.327,24
ACO000037184;04/07/2022 10:39;1806;MM TEMAN JAYA 3 / CV.TEMAN JAYA BERSAMA;PS21138;PS ELG FCL SOFT PACK 280s X 40;40;667.927,20
ACO000037184;04/07/2022 10:39;1806;MM TEMAN JAYA 3 / CV.TEMAN JAYA BERSAMA;NC35451;NC TLT CORE NON EMB 1 ROLL 238s X 120;24;83.736,00
ACO000037184;04/07/2022 10:39;1806;MM TEMAN JAYA 3 / CV.TEMAN JAYA BERSAMA;PS21039;PS ELG FCL SOFT PACK 220s X 40;40;579.600,00
ACO000037184;04/07/2022 10:39;1806;MM TEMAN JAYA 3 / CV.TEMAN JAYA BERSAMA;PS21398;PASEO ULTRASOFT FACIAL SOFTPACK 40X100S;12;130.856,76
ACO000037184;04/07/2022 10:39;1806;MM TEMAN JAYA 3 / CV.TEMAN JAYA BERSAMA;PS41179;PASEO BABY WIPES PURITY GAZETTE 24X80'S;18;229.090,86
ACO000037185;05/07/2022 10:37;426;KELY;PS21213B;PS SMRT FCL SOFT PACK 48X250S GT;48;423.273,12
ACO000037185;05/07/2022 10:37;426;KELY;PS31229;PASEO SMART FACIAL TRAVEL PACK 50'S GT;24;40.320,00
ACO000037186;05/07/2022 10:37;996;GRACE MART;PS21213B;PS SMRT FCL SOFT PACK 48X250S GT;20;176.363,80
ACO000037187;05/07/2022 10:37;108;HEW TET FUK / ANDI;PS11208B;PS ELG TWL CALORIE ABSORB 1 ROLL 18X70S;12;126.218,16
ACO000037187;05/07/2022 10:37;108;HEW TET FUK / ANDI;PS31229;PASEO SMART FACIAL TRAVEL PACK 50'S GT;80;134.400,00
ACO000037188;05/07/2022 10:38;1435;FOTOCOPY DITA;PS31229;PASEO SMART FACIAL TRAVEL PACK 50'S GT;24;40.320,00
ACO000037189;05/07/2022 10:38;553;AMEN;PS41056;PASEO BABY WIPES GAZETTE 36X50'S GT;12;76.363,68
ACO000037190;05/07/2022 10:38;173;SUSANTO / ATIAK;NC24399B;NICE FACIAL SOFT PACK 36X250S GT RE-SPEC;36;274.909,32
ACO000037191;05/07/2022 10:38;812;TOKO SUSU MICHAEL;JLM44066;JL FCL KILOAN PTG 2 1000GR X 20;3;104.175,00
ACO000037192;05/07/2022 10:38;131;PECAH BELAH CENTRE;NC24399B;NICE FACIAL SOFT PACK 36X250S GT RE-SPEC;36;274.909,32
ACO000037192;05/07/2022 10:38;131;PECAH BELAH CENTRE;NC74035;NC FCL KILOAN 900GR X 20 GT;20;612.612,60
ACO000037192;05/07/2022 10:38;131;PECAH BELAH CENTRE;PS11208B;PS ELG TWL CALORIE ABSORB 1 ROLL 18X70S;18;189.327,24
ACO000037192;05/07/2022 10:38;131;PECAH BELAH CENTRE;PS33019;PS ELG TWL INTERFOLD 150s X 40;40;550.909,20
ACO000037193;05/07/2022 10:38;676;APOTIK BANGKA;NC24399B;NICE FACIAL SOFT PACK 36X250S GT RE-SPEC;6;45.818,22
ACO000037193;05/07/2022 10:38;676;APOTIK BANGKA;PS21213B;PS SMRT FCL SOFT PACK 48X250S GT;6;52.909,14
ACO000037194;05/07/2022 10:39;562;KANTIN WIDYA LESTARI;NC24375;NICE FACIAL SOFT PACK 60 X 180'S - GT;12;61.800,00
ACO000037194;05/07/2022 10:39;562;KANTIN WIDYA LESTARI;NC24399B;NICE FACIAL SOFT PACK 36X250S GT RE-SPEC;6;45.818,22
ACO000037194;05/07/2022 10:39;562;KANTIN WIDYA LESTARI;PS31090;PS CHAR FCL TRAVEL PACK 70s X 48;12;50.181,84
ACO000037195;05/07/2022 10:39;466;A I U;NC24399B;NICE FACIAL SOFT PACK 36X250S GT RE-SPEC;6;45.818,22
ACO000037195;05/07/2022 10:39;466;A I U;NC74035;NC FCL KILOAN 900GR X 20 GT;6;183.783,78
ACO000037196;05/07/2022 10:39;148;ATLANTA (LION STAR);PS11208B;PS ELG TWL CALORIE ABSORB 1 ROLL 18X70S;36;378.654,48
ACO000037197;05/07/2022 10:39;189;FILI / BUN THEN KHIONG;NC74035;NC FCL KILOAN 900GR X 20 GT;20;612.612,60
ACO000037199;05/07/2022 10:40;503;GAMPANG INGAT, TOKO;NC24399B;NICE FACIAL SOFT PACK 36X250S GT RE-SPEC;12;91.636,44
ACO000037199;05/07/2022 10:40;503;GAMPANG INGAT, TOKO;NC74035;NC FCL KILOAN 900GR X 20 GT;3;91.891,89
ACO000037201;05/07/2022 10:40;498;P & D AGUNG;NC24399B;NICE FACIAL SOFT PACK 36X250S GT RE-SPEC;12;91.636,44
ACO000037202;05/07/2022 10:40;387;AKIUN / CKK;NC74035;NC FCL KILOAN 900GR X 20 GT;6;183.783,78
ACO000037203;05/07/2022 10:41;222;APHIN;NC24399B;NICE FACIAL SOFT PACK 36X250S GT RE-SPEC;36;274.909,32
ACO000037203;05/07/2022 10:41;222;APHIN;PS11208B;PS ELG TWL CALORIE ABSORB 1 ROLL 18X70S;12;126.218,16
ACO000037203;05/07/2022 10:41;222;APHIN;PS31229;PASEO SMART FACIAL TRAVEL PACK 50'S GT;24;40.320,00
ACO000037204;05/07/2022 10:41;328;ASUN;PS21213B;PS SMRT FCL SOFT PACK 48X250S GT;12;105.818,28
ACO000037205;05/07/2022 10:41;1150;TOKO AON;NC24399B;NICE FACIAL SOFT PACK 36X250S GT RE-SPEC;24;183.272,88
ACO000037206;05/07/2022 10:41;461;SRC SUN JUN / WIWI;NC74035;NC FCL KILOAN 900GR X 20 GT;3;91.891,89
ACO000037206;05/07/2022 10:41;461;SRC SUN JUN / WIWI;PS31229;PASEO SMART FACIAL TRAVEL PACK 50'S GT;24;40.320,00
ACO000037207;05/07/2022 10:41;771;AKIM;PS21213B;PS SMRT FCL SOFT PACK 48X250S GT;6;52.909,14
ACO000037208;05/07/2022 10:41;444;AHOI / TJUNG JUNG MIN;NC24399B;NICE FACIAL SOFT PACK 36X250S GT RE-SPEC;24;183.272,88
ACO000037209;05/07/2022 10:42;334;AKHIONG;NC74035;NC FCL KILOAN 900GR X 20 GT;10;306.306,30
ACO000037209;05/07/2022 10:42;334;AKHIONG;NC24399B;NICE FACIAL SOFT PACK 36X250S GT RE-SPEC;6;45.818,22
ACO000037209;05/07/2022 10:42;334;AKHIONG;PS21213B;PS SMRT FCL SOFT PACK 48X250S GT;6;52.909,14
ACO000037211;05/07/2022 10:42;377;WAWA / MISNARI;PS31229;PASEO SMART FACIAL TRAVEL PACK 50'S GT;12;20.160,00
ACO000037211;05/07/2022 10:42;377;WAWA / MISNARI;NC24399B;NICE FACIAL SOFT PACK 36X250S GT RE-SPEC;12;91.636,44
ACO000037212;05/07/2022 10:42;438;RABID CELL / FERANIKA HANUM;NC24399B;NICE FACIAL SOFT PACK 36X250S GT RE-SPEC;12;91.636,44
ACO000037212;05/07/2022 10:42;438;RABID CELL / FERANIKA HANUM;NC74035;NC FCL KILOAN 900GR X 20 GT;3;91.891,89
ACO000037212;05/07/2022 10:42;438;RABID CELL / FERANIKA HANUM;NC24375;NICE FACIAL SOFT PACK 60 X 180'S - GT;12;61.800,00
ACO000037212;05/07/2022 10:42;438;RABID CELL / FERANIKA HANUM;PS21213B;PS SMRT FCL SOFT PACK 48X250S GT;12;105.818,28
ACO000037212;05/07/2022 10:42;438;RABID CELL / FERANIKA HANUM;PS11856;PS SMRT FCL BOX 120s X 40;12;103.854,60
ACO000037212;05/07/2022 10:42;438;RABID CELL / FERANIKA HANUM;PS41563;PS SMRT HKY PERF 6 PACK 12s X 40;3;12.480,00
ACO000037213;05/07/2022 10:42;1728;TRIANI;NC74035;NC FCL KILOAN 900GR X 20 GT;6;183.783,78
ACO000037214;05/07/2022 10:42;1728;TRIANI;PS41117;PASEO ANTI BACTRIAL WIPES GAZETTE 18X50S;6;42.000,00
ACO000037215;05/07/2022 10:43;1529;HAFIS;PS21213B;PS SMRT FCL SOFT PACK 48X250S GT;48;423.273,12
ACO000037215;05/07/2022 10:43;1529;HAFIS;PS41094;PASEO BABY WPES GZTE JOJOBA 18X50S BOGOF;3;42.000,00
ACO000037215;05/07/2022 10:43;1529;HAFIS;PS41100B;PASEO ANTI BACTERIAL WIPES 18X25S BOGOF;3;21.000,00
ACO000037216;05/07/2022 10:44;1628;FIKAR;NC24399B;NICE FACIAL SOFT PACK 36X250S GT RE-SPEC;72;549.818,64
ACO000037216;05/07/2022 10:44;1628;FIKAR;PS21213B;PS SMRT FCL SOFT PACK 48X250S GT;96;846.546,24
ACO000037216;05/07/2022 10:44;1628;FIKAR;PS31229;PASEO SMART FACIAL TRAVEL PACK 50'S GT;80;134.400,00
ACO000037216;05/07/2022 10:44;1628;FIKAR;PS41094;PASEO BABY WPES GZTE JOJOBA 18X50S BOGOF;12;168.000,00
ACO000037216;05/07/2022 10:44;1628;FIKAR;PS41117;PASEO ANTI BACTRIAL WIPES GAZETTE 18X50S;12;84.000,00
ACO000037216;05/07/2022 10:44;1628;FIKAR;PS41563;PS SMRT HKY PERF 6 PACK 12s X 40;40;166.400,00
ACO000037217;05/07/2022 10:44;539;SATU/ MURNI;NC24399B;NICE FACIAL SOFT PACK 36X250S GT RE-SPEC;18;137.454,66
ACO000037217;05/07/2022 10:44;539;SATU/ MURNI;NC74127;NC FCL KILOAN 700GR X 20;6;160.363,62
ACO000037218;05/07/2022 10:44;1491;CEMPAKA ;NC14038B;NC TLT CORE NON EMB 1 ROLL 238S X 120 GT;24;65.236,32
ACO000037218;05/07/2022 10:44;1491;CEMPAKA ;NC15432;NC FCL BOX PERF 60s X 72;12;68.372,76
ACO000037218;05/07/2022 10:44;1491;CEMPAKA ;NC24375;NICE FACIAL SOFT PACK 60 X 180'S - GT;12;61.800,00
ACO000037218;05/07/2022 10:44;1491;CEMPAKA ;NC24399B;NICE FACIAL SOFT PACK 36X250S GT RE-SPEC;12;91.636,44
ACO000037218;05/07/2022 10:44;1491;CEMPAKA ;PS11856;PS SMRT FCL BOX 120s X 40;12;103.854,60
ACO000037219;05/07/2022 10:44;1783;GEMBIRALIA;NC24399B;NICE FACIAL SOFT PACK 36X250S GT RE-SPEC;12;91.636,44
ACO000037219;05/07/2022 10:44;1783;GEMBIRALIA;NC74127;NC FCL KILOAN 700GR X 20;12;320.727,24
ACO000037219;05/07/2022 10:44;1783;GEMBIRALIA;PS21213B;PS SMRT FCL SOFT PACK 48X250S GT;12;105.818,28
ACO000037220;05/07/2022 10:44;309;BAHAGIA / LIE MIE AN;NC74127;NC FCL KILOAN 700GR X 20;6;160.363,62
ACO000037221;05/07/2022 10:44;1225;TOKO CAHAYA;NC24399B;NICE FACIAL SOFT PACK 36X250S GT RE-SPEC;36;274.909,32
ACO000037221;05/07/2022 10:44;1225;TOKO CAHAYA;PS11208B;PS ELG TWL CALORIE ABSORB 1 ROLL 18X70S;18;189.327,24
ACO000037222;05/07/2022 10:45;165;CAHAYA / RESHY PENDA;PS21213B;PS SMRT FCL SOFT PACK 48X250S GT;48;423.273,12
ACO000037222;05/07/2022 10:45;165;CAHAYA / RESHY PENDA;NC24375;NICE FACIAL SOFT PACK 60 X 180'S - GT;12;61.800,00
ACO000037222;05/07/2022 10:45;165;CAHAYA / RESHY PENDA;NC24399B;NICE FACIAL SOFT PACK 36X250S GT RE-SPEC;24;183.272,88
ACO000037222;05/07/2022 10:45;165;CAHAYA / RESHY PENDA;PS31229;PASEO SMART FACIAL TRAVEL PACK 50'S GT;12;20.160,00
ACO000037223;05/07/2022 10:45;1224;ZIZI;PS21213B;PS SMRT FCL SOFT PACK 48X250S GT;48;423.273,12
ACO000037224;05/07/2022 10:45;242;YONG MIN SIN;PS11208B;PS ELG TWL CALORIE ABSORB 1 ROLL 18X70S;18;189.327,24
ACO000037224;05/07/2022 10:45;242;YONG MIN SIN;PS11014B;PS KTCHN TWL CALORIE ASSORB 3 ROLS 6X70S;6;154.054,08
ACO000037225;05/07/2022 10:46;590;ONEAL;NC24399B;NICE FACIAL SOFT PACK 36X250S GT RE-SPEC;12;91.636,44
ACO000037226;05/07/2022 10:46;150;WANTI;NC24399B;NICE FACIAL SOFT PACK 36X250S GT RE-SPEC;72;549.818,64
ACO000037227;05/07/2022 10:53;29;FAJAR;NC24399B;NICE FACIAL SOFT PACK 36X250S GT RE-SPEC;360;2.749.093,20
ACO000037227;05/07/2022 10:53;29;FAJAR;NC24375;NICE FACIAL SOFT PACK 60 X 180'S - GT;600;3.090.000,00
ACO000037227;05/07/2022 10:53;29;FAJAR;NC14038B;NC TLT CORE NON EMB 1 ROLL 238S X 120 GT;840;2.283.271,20
ACO000037227;05/07/2022 10:53;29;FAJAR;PS11014B;PS KTCHN TWL CALORIE ASSORB 3 ROLS 6X70S;18;462.162,24
ACO000037228;05/07/2022 10:55;8;MM TEMAN JAYA / CV TEMAN JAYA MART;NC12537;NC FCL KILOAN 900GR X 20;100;3.276.000,00
ACO000037228;05/07/2022 10:55;8;MM TEMAN JAYA / CV TEMAN JAYA MART;NC14345B;NC FCL SOFT PACK 20X(2X200S) BUY 1 GET 1;40;666.000,00
ACO000037228;05/07/2022 10:55;8;MM TEMAN JAYA / CV TEMAN JAYA MART;NC13526;NC FCL SOFT PACK 250s X 36;36;441.000,00
ACO000037228;05/07/2022 10:55;8;MM TEMAN JAYA / CV TEMAN JAYA MART;PS11208B;PS ELG TWL CALORIE ABSORB 1 ROLL 18X70S;18;189.327,24
ACO000037228;05/07/2022 10:55;8;MM TEMAN JAYA / CV TEMAN JAYA MART;PS11014B;PS KTCHN TWL CALORIE ASSORB 3 ROLS 6X70S;12;308.108,16
ACO000037228;05/07/2022 10:55;8;MM TEMAN JAYA / CV TEMAN JAYA MART;PS31090;PS CHAR FCL TRAVEL PACK 70s X 48;12;50.181,84
ACO000037228;05/07/2022 10:55;8;MM TEMAN JAYA / CV TEMAN JAYA MART;PS31152;PS CHAR FCL POP UP 130S X 80;12;55.636,32
ACO000037228;05/07/2022 10:55;8;MM TEMAN JAYA / CV TEMAN JAYA MART;PS31137;PS ULTRA SOFT FCL TRAVEL PACK 60s X 48;12;74.408,76
ACO000037228;05/07/2022 10:55;8;MM TEMAN JAYA / CV TEMAN JAYA MART;JLB14335;JL TLT CORE EMB 10 ROLL 50GR X 10;10;208.000,00
ACO000037228;05/07/2022 10:55;8;MM TEMAN JAYA / CV TEMAN JAYA MART;PS11045;PS ELG TLT CORE 8 ROLLS 300s X 6;12;531.600,00
ACO000037228;05/07/2022 10:55;8;MM TEMAN JAYA / CV TEMAN JAYA MART;NC14052;NC TLT CORE EMB 10 ROLL 230s X 10;20;607.636,40
ACO000037229;05/07/2022 10:56;20;PT. PUNCAK JAYA SLT;PS21251;PS SMRT FCL SOFT 250s MT X 40;40;544.000,00
ACO000037229;05/07/2022 10:56;20;PT. PUNCAK JAYA SLT;NC34114;NC FCL TRAVEL PACK 60s X 96;96;288.349,44
ACO000037229;05/07/2022 10:56;20;PT. PUNCAK JAYA SLT;PS11208B;PS ELG TWL CALORIE ABSORB 1 ROLL 18X70S;36;378.654,48
ACO000037229;05/07/2022 10:56;20;PT. PUNCAK JAYA SLT;PS11014B;PS KTCHN TWL CALORIE ASSORB 3 ROLS 6X70S;6;154.054,08
ACO000037229;05/07/2022 10:56;20;PT. PUNCAK JAYA SLT;NC74127;NC FCL KILOAN 700GR X 20;60;1.603.636,20
ACO000037229;05/07/2022 10:56;20;PT. PUNCAK JAYA SLT;NC12537;NC FCL KILOAN 900GR X 20;60;1.965.600,00
ACO000037229;05/07/2022 10:56;20;PT. PUNCAK JAYA SLT;PS31137;PS ULTRA SOFT FCL TRAVEL PACK 60s X 48;48;297.635,04
ACO000037229;05/07/2022 10:56;20;PT. PUNCAK JAYA SLT;NC50010;NC TWL ROLL 1 ROLL 150s X 30;30;400.636,50
ACO000037230;05/07/2022 10:56;2;PT. PUNCAK PRIMA LESTARI;NC13526;NC FCL SOFT PACK 250s X 36;72;882.000,00
ACO000037230;05/07/2022 10:56;2;PT. PUNCAK PRIMA LESTARI;JLM44066;JL FCL KILOAN PTG 2 1000GR X 20;60;2.083.500,00
ACO000037230;05/07/2022 10:56;2;PT. PUNCAK PRIMA LESTARI;NC35451;NC TLT CORE NON EMB 1 ROLL 238s X 120;120;418.680,00
ACO000037230;05/07/2022 10:56;2;PT. PUNCAK PRIMA LESTARI;PS11208B;PS ELG TWL CALORIE ABSORB 1 ROLL 18X70S;18;189.327,24
ACO000037230;05/07/2022 10:56;2;PT. PUNCAK PRIMA LESTARI;PS11014B;PS KTCHN TWL CALORIE ASSORB 3 ROLS 6X70S;6;154.054,08
ACO000037230;05/07/2022 10:56;2;PT. PUNCAK PRIMA LESTARI;PS21398;PASEO ULTRASOFT FACIAL SOFTPACK 40X100S;40;436.189,20
ACO000037231;05/07/2022 10:57;1789;SUKSES MEDIA;NC14038B;NC TLT CORE NON EMB 1 ROLL 238S X 120 GT;240;652.363,20
ACO000037231;05/07/2022 10:57;1789;SUKSES MEDIA;NC74035;NC FCL KILOAN 900GR X 20 GT;20;612.612,60
ACO000037232;05/07/2022 10:57;1444;IJAL SAYUR;PS31229;PASEO SMART FACIAL TRAVEL PACK 50'S GT;24;40.320,00
ACO000037233;05/07/2022 10:57;1185;TOKO AGUS;PS21213B;PS SMRT FCL SOFT PACK 48X250S GT;48;423.273,12
ACO000037233;05/07/2022 10:57;1185;TOKO AGUS;NC24399B;NICE FACIAL SOFT PACK 36X250S GT RE-SPEC;36;274.909,32
ACO000037234;05/07/2022 10:57;1186;TOKO ASUN;NC14038B;NC TLT CORE NON EMB 1 ROLL 238S X 120 GT;120;326.181,60
ACO000037234;05/07/2022 10:57;1186;TOKO ASUN;PS21213B;PS SMRT FCL SOFT PACK 48X250S GT;48;423.273,12
ACO000037235;05/07/2022 10:57;1184;TOKO AFU;NC24375;NICE FACIAL SOFT PACK 60 X 180'S - GT;60;309.000,00
ACO000037235;05/07/2022 10:57;1184;TOKO AFU;PS21213B;PS SMRT FCL SOFT PACK 48X250S GT;48;423.273,12
ACO000037235;05/07/2022 10:57;1184;TOKO AFU;PS11014B;PS KTCHN TWL CALORIE ASSORB 3 ROLS 6X70S;5;128.378,40
ACO000037236;05/07/2022 10:58;1189;TOKO PIT THU;NC24375;NICE FACIAL SOFT PACK 60 X 180'S - GT;60;309.000,00
ACO000037236;05/07/2022 10:58;1189;TOKO PIT THU;PS21213B;PS SMRT FCL SOFT PACK 48X250S GT;48;423.273,12
ACO000037237;05/07/2022 10:58;1189;TOKO PIT THU;10000712;PANTENE SPO HAIR FALL CONTROL 42X12X10ML;10;86.240,00
ACO000037237;05/07/2022 10:58;1189;TOKO PIT THU;10000709;PANTENE SHAMPOO ANTI DANDRUFF 42X12X10ML;10;86.240,00
ACO000037237;05/07/2022 10:58;1189;TOKO PIT THU;135203;PANTENE SHAMPOO ANTI DANDRUFF 48X70ML;6;71.490,00
ACO000037238;05/07/2022 10:58;127;AWE / PO KIAN;NC24399B;NICE FACIAL SOFT PACK 36X250S GT RE-SPEC;108;824.727,96
ACO000037239;05/07/2022 10:58;1307;SHEBBY CELL;NC24399B;NICE FACIAL SOFT PACK 36X250S GT RE-SPEC;10;76.363,70
ACO000037240;05/07/2022 10:58;1767;ASUI;PS31229;PASEO SMART FACIAL TRAVEL PACK 50'S GT;24;40.320,00
ACO000037240;05/07/2022 10:58;1767;ASUI;PS41563;PS SMRT HKY PERF 6 PACK 12s X 40;3;12.480,00
ACO000037240;05/07/2022 10:58;1767;ASUI;PS41094;PASEO BABY WPES GZTE JOJOBA 18X50S BOGOF;6;84.000,00
ACO000037241;05/07/2022 10:59;101;AFEN / SIAT FEN;NC24399B;NICE FACIAL SOFT PACK 36X250S GT RE-SPEC;36;274.909,32
ACO000037241;05/07/2022 10:59;101;AFEN / SIAT FEN;NC74035;NC FCL KILOAN 900GR X 20 GT;20;612.612,60
ACO000037242;05/07/2022 10:59;507;ALIS;NC24399B;NICE FACIAL SOFT PACK 36X250S GT RE-SPEC;36;274.909,32
ACO000037243;05/07/2022 13:05;54;AGUS DPR / AGUS AFRIDO;PS21213B;PS SMRT FCL SOFT PACK 48X250S GT;240;2.116.365,60
ACO000037243;05/07/2022 13:05;54;AGUS DPR / AGUS AFRIDO;PS11856;PS SMRT FCL BOX 120s X 40;40;346.182,00
ACO000037243;05/07/2022 13:05;54;AGUS DPR / AGUS AFRIDO;PS11208B;PS ELG TWL CALORIE ABSORB 1 ROLL 18X70S;18;189.327,24
ACO000037243;05/07/2022 13:05;54;AGUS DPR / AGUS AFRIDO;NC24399B;NICE FACIAL SOFT PACK 36X250S GT RE-SPEC;108;824.727,96
ACO000037243;05/07/2022 13:05;54;AGUS DPR / AGUS AFRIDO;NC24375;NICE FACIAL SOFT PACK 60 X 180'S - GT;120;618.000,00
ACO000037243;05/07/2022 13:05;54;AGUS DPR / AGUS AFRIDO;NC74035;NC FCL KILOAN 900GR X 20 GT;40;1.225.225,20
ACO000037243;05/07/2022 13:05;54;AGUS DPR / AGUS AFRIDO;JLM44066;JL FCL KILOAN PTG 2 1000GR X 20;20;694.500,00
ACO000037243;05/07/2022 13:05;54;AGUS DPR / AGUS AFRIDO;PS31229;PASEO SMART FACIAL TRAVEL PACK 50'S GT;80;134.400,00
ACO000037243;05/07/2022 13:05;54;AGUS DPR / AGUS AFRIDO;PS41563;PS SMRT HKY PERF 6 PACK 12s X 40;40;166.400,00
ACO000037243;05/07/2022 13:05;54;AGUS DPR / AGUS AFRIDO;PS41117;PASEO ANTI BACTRIAL WIPES GAZETTE 18X50S;18;126.000,00
ACO000037243;05/07/2022 13:05;54;AGUS DPR / AGUS AFRIDO;JLM34016;JOLLY KULINER NAPKIN 24X240S ;23;204.386,28
